case_id,typology,txhash,datetime_utc,from_address,from_label,to_address,to_label,value_eth,notes
TYPO-1,Layering through crypto,0xcabfcef8ac81c6b167e15ce4f4630e0853ccfdd55d3c2764d99f8f6e4a0f2e72,2026-01-05 09:00:00,0x4f37a3b656b358ac7d8a20da156b47e8bf145508,Unattributed Source,0x326a898a59a1e301fc446b2bf8267bacd521837f,Intermediate Hop 1,25.0,Hop 1 of 4
TYPO-1,Layering through crypto,0x4badd0a664d94cb3c5d999eb65bd61ac86fbb2d30470dd10d069e09750d7c5ee,2026-01-05 09:15:00,0x326a898a59a1e301fc446b2bf8267bacd521837f,Intermediate Hop 1,0x1c3bbeabd4a4084c5451878af71c8572f7242491,Intermediate Hop 2,24.9,Hop 2 of 4
TYPO-1,Layering through crypto,0x715d3d3c4034a2136a630d93e5e66b4dc99c6e460a4b9a9289f1bd110266dbd1,2026-01-05 09:30:00,0x1c3bbeabd4a4084c5451878af71c8572f7242491,Intermediate Hop 2,0x58b1707e7f5b3dcefbc30bd36eb40d8db6d77c2e,Intermediate Hop 3,24.8,Hop 3 of 4
TYPO-1,Layering through crypto,0x438d614d77ea81e5f29832a0289dafa75c4b6060210fa53a9cdfdb1217dd53ea,2026-01-05 09:45:00,0x58b1707e7f5b3dcefbc30bd36eb40d8db6d77c2e,Intermediate Hop 3,0xd7de2201ac8b3904e01a7d7ff9feddec1f68b993,Final Sink,24.7,Hop 4 of 4
TYPO-2,Mule wallets,0xfeff06c9c9e2e540237e7b38d69c78523eb8eff8475cc279d36419be13ba5dc6,2026-01-10 08:00:00,0xd7f8ee039a404bae374a7a8270f5394507cac850,Source Wallet 1 (Unrelated),0x120f84824907f93011168f9bc40fdae3c9dde3bd,Mule Wallet (Hub),1.2,
TYPO-2,Mule wallets,0x0c7d5c734bb20b734eeb86a6d526e2b8f86376974f96e63329886ed30e15d32f,2026-01-10 08:12:00,0x29882b77264be96add5e41b89f0f736a272b166f,Source Wallet 2 (Unrelated),0x120f84824907f93011168f9bc40fdae3c9dde3bd,Mule Wallet (Hub),0.9,
TYPO-2,Mule wallets,0x6e232e50a42c6363244731495f7b09a0aae7be3ab966552533654c7d214a8ab3,2026-01-10 08:25:00,0x532fd98256d2add81a3144dad0077c05d04e51fb,Source Wallet 3 (Unrelated),0x120f84824907f93011168f9bc40fdae3c9dde3bd,Mule Wallet (Hub),1.5,
TYPO-2,Mule wallets,0x729668447a7ca1664b010df212f874b1a646fb2e66ef4ac7b2c32f05f2ce2689,2026-01-10 08:40:00,0xfcff051135a6a47cf54fdafdef68c49164d4b00b,Source Wallet 4 (Unrelated),0x120f84824907f93011168f9bc40fdae3c9dde3bd,Mule Wallet (Hub),1.1,
TYPO-2,Mule wallets,0xf86586b870b5008e5c407c3b8251aec1e221839826599ccbe28e2f14cee8c435,2026-01-10 08:55:00,0x26a6e87a924dd06b71dae5c5c73c294e175b6f4c,Source Wallet 5 (Unrelated),0x120f84824907f93011168f9bc40fdae3c9dde3bd,Mule Wallet (Hub),0.8,
TYPO-2,Mule wallets,0xfc60f0892e5a649a4ec23d1fec759c046e6cbfca7be36065e4bff290fdd1945d,2026-01-10 10:30:00,0x120f84824907f93011168f9bc40fdae3c9dde3bd,Mule Wallet (Hub),0x69575a00d8fc4718f936fe49b21fea3d869093e3,Cash-Out Wallet,5.4,Consolidated forward of all 5 inbound amounts
TYPO-3,Rapid movement of funds,0x1a4aea7409d78458081d531060db939341533be002c712dc9e166f89e69d3c14,2026-01-12 10:00:00,0xa7b497ae1c8069f5b262e92d40d620a925c221a8,Source P,0x4d3152ae6f981f6a5cbeebe13289c590f3f2576a,Pass-Through Wallet,10.0,Cycle 1 inbound
TYPO-3,Rapid movement of funds,0x51988b5d73f400563b81b939cb32d29bf61e97f83586e707150165b69b7bbbff,2026-01-12 10:04:00,0x4d3152ae6f981f6a5cbeebe13289c590f3f2576a,Pass-Through Wallet,0x5f8d021434e1f7d8b1475857765ee439c97ac8a7,Destination Q,9.9,Cycle 1 outbound - 4 min dwell
TYPO-3,Rapid movement of funds,0x734f5c7cabc6e90ada47beba3bddf73968f157a1856dc8bb110e404b03592c99,2026-01-12 11:00:00,0x4cbf258364fd5bf8fa9dad72c8061da0895ce873,Source S,0x4d3152ae6f981f6a5cbeebe13289c590f3f2576a,Pass-Through Wallet,8.0,Cycle 2 inbound
TYPO-3,Rapid movement of funds,0x56d0f7cf36f6f725e09b2999c7f23189738c69ce19e7a38a18c501fae4cd9ea6,2026-01-12 11:03:00,0x4d3152ae6f981f6a5cbeebe13289c590f3f2576a,Pass-Through Wallet,0x02b4339be08444218b3e4c58a0a50d036882f77e,Destination T,7.9,Cycle 2 outbound - 3 min dwell
TYPO-3,Rapid movement of funds,0x23590dbbb077bbc1b695a85ad9c5a14d2fe67fe039b9f8ecf8d868893316c750,2026-01-12 14:30:00,0x3ac2f8bd4643675e07a960369d3282f20ae696ae,Source U,0x4d3152ae6f981f6a5cbeebe13289c590f3f2576a,Pass-Through Wallet,12.0,Cycle 3 inbound
TYPO-3,Rapid movement of funds,0x4311ccadfb10dec7381f7c7e9ff52e11382a668506d1ecf2ab94d3abb21ed80c,2026-01-12 14:35:00,0x4d3152ae6f981f6a5cbeebe13289c590f3f2576a,Pass-Through Wallet,0xb54bee1e9d39c3ce15bbd841e7e15ecdef1539be,Destination V,11.9,Cycle 3 outbound - 5 min dwell
TYPO-4,Wallet consolidation/dispersal,0xd91df14d5a434e10e03a69a265f61a73823f59654f7eb0c0b18855937b8c4f9f,2026-01-15 09:00:00,0x653783fa329a3ad4f257e2f8ca60364fd32a1077,Collector Wallet 1,0xfae02ac34586c4306a68063b6466c9da6301416e,Consolidation Hub,15.0,
TYPO-4,Wallet consolidation/dispersal,0xf2b03587dbfae4b221b67380721d012fa349d8e4a9819a0b37eb61074f3a94cc,2026-01-15 09:20:00,0xb99adcf30c1c7961ef1c93288bf3500fafd252c3,Collector Wallet 2,0xfae02ac34586c4306a68063b6466c9da6301416e,Consolidation Hub,18.0,
TYPO-4,Wallet consolidation/dispersal,0x88b029988d161b4c710164ac92396f3ef54bd6713f77e4f6c67c9781e0af653a,2026-01-15 09:45:00,0x9a4563661967b218f90b94169816dfdd4ee28a84,Collector Wallet 3,0xfae02ac34586c4306a68063b6466c9da6301416e,Consolidation Hub,12.0,
TYPO-4,Wallet consolidation/dispersal,0xe3c51f9507ed1ea025600710b334ba0cd8a48a1a0a930e364b5fdd4a836cc764,2026-01-15 10:10:00,0x89d6b814e37c01fff4d7166a0c968f381a0577ec,Collector Wallet 4,0xfae02ac34586c4306a68063b6466c9da6301416e,Consolidation Hub,20.0,
TYPO-4,Wallet consolidation/dispersal,0x3ca46c4964dad5447439fe95bd320c54183228fc4eedc56ca9201453f9ab407f,2026-01-15 14:00:00,0xfae02ac34586c4306a68063b6466c9da6301416e,Consolidation Hub,0xc125bf667208a03a1c5792132040e95aa30cb4b0,Dispersal Wallet 1,13.0,300 min after first inbound
TYPO-4,Wallet consolidation/dispersal,0x5fac74af24a14d5502e042ca28f7693fc3fe30499791c145d7c295b52ac6fe33,2026-01-15 14:05:00,0xfae02ac34586c4306a68063b6466c9da6301416e,Consolidation Hub,0x2d16a04360b21a959acd5c62bd14bd2c22d7df79,Dispersal Wallet 2,13.0,
TYPO-4,Wallet consolidation/dispersal,0x8340e88f2b065057e1e6d32b4a7e30b460fd929c8e711d78c1374708470a69d5,2026-01-15 14:10:00,0xfae02ac34586c4306a68063b6466c9da6301416e,Consolidation Hub,0x303f39daac6687ce9110a6f15f0ebe99e624455f,Dispersal Wallet 3,13.0,
TYPO-4,Wallet consolidation/dispersal,0x8a9a8eecc0c2ca578cfdcb46474d2ccc68dfb5462528d9774f813bd0f9226437,2026-01-15 14:15:00,0xfae02ac34586c4306a68063b6466c9da6301416e,Consolidation Hub,0x01b08e51e99dd74f3bb3f0b92b7b02de7067a76c,Dispersal Wallet 4,13.0,
TYPO-4,Wallet consolidation/dispersal,0x63eaffcd8f8074a97b0a69ac8b814c0af10e43d6ee073770535b16d39404aed7,2026-01-15 14:20:00,0xfae02ac34586c4306a68063b6466c9da6301416e,Consolidation Hub,0x48777209a19b841404e9f4d0ec49e029ebd6d978,Dispersal Wallet 5,13.0,
TYPO-5,Mixer exposure,0x8b0637dc9cc855e08135fc071774c4e90d3f53d986a1ffb8abde3cc2fbccbd1c,2026-01-18 20:00:00,0x96b8efb633d89bf523e469f2a25ea7cda11447af,Wallet Prior to Mixer,0xf36d66efd7ec31ea958ad172a27670d604596fe6,Known Mixer - Deposit Address,50.0,
TYPO-5,Mixer exposure,0x7df322f0da750e4ed99a326ff077846dc7eefdd1ced30efaf84f836be9a42c29,2026-01-19 01:15:00,0xf4b7d0a25e6166fe364cc7871496d1ca70fb16c0,Known Mixer - Withdrawal Address,0x848e4e97999972370450ddfc915b7267d9234fd2,Wallet After Mixer,48.5,"Amount/timing consistent with the deposit, net of mixer fee — correlation only, not a proven on-chain link"
TYPO-6,Scam/fraud-related flows,0xe90acf4e8558bc1f3add3ba9f7e37e7b3af61d5208a9f1928fdac0d245007495,2026-01-22 16:00:00,0x5ab8ce8d9e1bdf0ec07b455ec83c14405d3af43a,Victim Wallet,0x187c9e2a02c174edbe697dc31477e61f1196459a,Reported Scam Wallet - Investment Fraud (Ext. Report #FR-2025-1182),7.5,Victim's funds arrive at the reported scam wallet
TYPO-6,Scam/fraud-related flows,0xf4f9318ef9be16ebb2a57ee14a5015bc93514396752049ed17d476a779cb82d4,2026-01-22 16:20:00,0x187c9e2a02c174edbe697dc31477e61f1196459a,Reported Scam Wallet - Investment Fraud (Ext. Report #FR-2025-1182),0xd4bb98b2a08a4bd3d733e48ada133998af3e0fc8,Post-Scam Layering Wallet 1,7.4,Proceeds begin moving immediately
TYPO-6,Scam/fraud-related flows,0xb725aa047b8406f80abe280e98e623ffddf0840a335a47ac5efdd6f88d48fa13,2026-01-22 16:35:00,0xd4bb98b2a08a4bd3d733e48ada133998af3e0fc8,Post-Scam Layering Wallet 1,0xe20c4f6cc19ef195ee8630b885b92ab029d1d38e,Post-Scam Layering Wallet 2,7.3,
TYPO-7,Cross-chain movement,0x090a2a316c7112019198ed499efeeceb2475b296c2f92bd53b99ab44980bea4c,2026-01-25 12:00:00,0xb0e04345e85dbd6a0a6d7f8f13a8fa005966f0bc,Wallet Prior to Bridge,0x43d6df02d529d8f252b5550df5d2f8771102497e,Cross-Chain Bridge Contract (Bridge Protocol X),22.0,"Multi-chain monitoring subsequently observed a correlated inbound transfer, net of bridge fee, to a related wallet on a different chain — cross-chain correlation only, not a single-chain proof"
